Pclass,Sex,PassengerId,Survived,Age,SibSp,Parch,Fare
1,female,44106,91,34.1414048811,52,43,9975.825
1,male,55599,45,39.287716972,38,34,8201.5875
2,female,33676,70,28.7486609907,37,46,1669.7292
2,male,48380,17,30.6539079521,37,24,2132.1125
3,female,57561,72,24.0684926471,129,115,2321.1086
3,male,158064,47,27.3721529073,173,78,4393.5865
