,Pclass,Sex,Survived,Age,SibSp,Parch,Fare,Status,Survival_rate,age_group,Survival_rate_age
0,1,female,91,3209.29205882,52,43,9975.825,91.0,10.2132435466,0-9,4.26487093154
1,1,male,45,4793.10147059,38,34,8201.5875,45.0,5.05050505051,10-19,4.60157126824
2,2,female,70,2184.89823529,37,46,1669.7292,70.0,7.85634118967,20-29,14.4781144781
3,2,male,17,3310.62205882,37,24,2132.1125,17.0,1.90796857464,30-39,8.19304152637
4,3,female,72,3465.86294118,129,115,2321.1086,72.0,8.08080808081,40-49,3.81593714927
5,3,male,47,9498.13705882,173,78,4393.5865,47.0,5.27497194164,>49,3.0303030303
